"Day","Hour","Temp","kwh"
"12/1/2014",0,51.98,78.9336569780762
"12/1/2014",1,51.98,78.9336569780762
"12/1/2014",2,51.08,78.9336569780762
"12/1/2014",3,51.08,78.9336569780762
"12/1/2014",4,51.08,78.9336569780762
"12/1/2014",5,51.08,78.9336569780762
"12/1/2014",6,50,78.9336569780762
"12/1/2014",7,53.06,87.4556011579178
"12/1/2014",8,55.94,87.4556011579178
"12/1/2014",9,60.08,87.4556011579178
"12/1/2014",10,60.08,87.4556011579178
"12/1/2014",11,62.06,87.4556011579178
"12/1/2014",12,62.96,87.4556011579178
"12/1/2014",13,60.98,87.4556011579178
"12/1/2014",14,57.92,87.4556011579178
"12/1/2014",15,55.04,87.4556011579178
"12/1/2014",16,53.06,87.4556011579178
"12/1/2014",17,51.08,87.4556011579178
"12/1/2014",18,48.92,87.4556011579178
"12/1/2014",19,48.02,50.6871367371064
"12/1/2014",20,46.94,50.6871367371064
"12/1/2014",21,42.98,50.6871367371064
"12/1/2014",22,41,50.6871367371064
"12/1/2014",23,39.02,50.6871367371064
"12/2/2014",0,37.94,50.6871367371064
"12/2/2014",1,37.04,50.6871367371064
"12/2/2014",2,35.96,50.6871367371064
"12/2/2014",3,35.06,50.6871367371064
"12/2/2014",4,35.06,50.6871367371064
"12/2/2014",5,33.98,50.6871367371064
"12/2/2014",6,33.98,50.6871367371064
"12/2/2014",7,33.08,95.2555685137027
"12/2/2014",8,33.08,95.2555685137027
"12/2/2014",9,33.98,95.2555685137027
"12/2/2014",10,35.06,95.2555685137027
"12/2/2014",11,37.04,95.2555685137027
"12/2/2014",12,37.04,95.2555685137027
"12/2/2014",13,37.04,56.3471136776725
"12/2/2014",14,37.04,56.3471136776725
"12/2/2014",15,37.22,56.3471136776725
"12/2/2014",16,35.96,56.3471136776725
"12/2/2014",17,35.96,56.3471136776725
"12/2/2014",18,36.68,56.3471136776725
"12/2/2014",19,37.04,50.6871367371064
"12/2/2014",20,37.67,50.6871367371064
"12/2/2014",21,39.02,50.6871367371064
"12/2/2014",22,39.32,50.6871367371064
"12/2/2014",23,41,50.6871367371064
"12/3/2014",0,42.89,50.6871367371064
"12/3/2014",1,43.82,50.6871367371064
"12/3/2014",2,44.96,50.6871367371064
"12/3/2014",3,44.78,50.6871367371064
"12/3/2014",4,45.14,50.6871367371064
"12/3/2014",5,45.23,50.6871367371064
"12/3/2014",6,37.58,50.6871367371064
"12/3/2014",7,37.22,95.2555685137027
"12/3/2014",8,37.94,95.2555685137027
"12/3/2014",9,39.02,95.2555685137027
"12/3/2014",10,40.1,95.2555685137027
"12/3/2014",11,44.06,95.2555685137027
"12/3/2014",12,46.31,95.2555685137027
"12/3/2014",13,50,131.330243534597
"12/3/2014",14,51.08,131.330243534597
"12/3/2014",15,51.44,131.330243534597
"12/3/2014",16,50,131.330243534597
"12/3/2014",17,50,131.330243534597
"12/3/2014",18,50,131.330243534597
"12/3/2014",19,49.46,78.9336569780762
"12/3/2014",20,48.02,50.6871367371064
"12/3/2014",21,42.98,50.6871367371064
"12/3/2014",22,42.08,50.6871367371064
"12/3/2014",23,39.92,50.6871367371064
"12/4/2014",0,39.02,50.6871367371064
"12/4/2014",1,37.94,50.6871367371064
"12/4/2014",2,37.94,50.6871367371064
"12/4/2014",3,37.04,50.6871367371064
"12/4/2014",4,37.04,50.6871367371064
"12/4/2014",5,33.98,50.6871367371064
"12/4/2014",6,33.98,50.6871367371064
"12/4/2014",7,35.06,95.2555685137027
"12/4/2014",8,37.94,95.2555685137027
"12/4/2014",9,39.92,95.2555685137027
"12/4/2014",10,41,95.2555685137027
"12/4/2014",11,42.08,95.2555685137027
"12/4/2014",12,42.98,95.2555685137027
"12/4/2014",13,42.98,56.3471136776725
"12/4/2014",14,42.08,56.3471136776725
"12/4/2014",15,39.92,56.3471136776725
"12/4/2014",16,37.04,56.3471136776725
"12/4/2014",17,35.96,56.3471136776725
"12/4/2014",18,33.98,56.3471136776725
"12/4/2014",19,33.08,50.6871367371064
"12/4/2014",20,32,50.6871367371064
"12/4/2014",21,30.92,50.6871367371064
"12/4/2014",22,30.02,50.6871367371064
"12/4/2014",23,30.02,50.6871367371064
"12/5/2014",0,28.94,50.6871367371064
"12/5/2014",1,28.04,50.6871367371064
"12/5/2014",2,28.04,50.6871367371064
"12/5/2014",3,26.96,50.6871367371064
"12/5/2014",4,26.96,50.6871367371064
"12/5/2014",5,26.96,50.6871367371064
"12/5/2014",6,26.06,50.6871367371064
"12/5/2014",7,26.96,95.2555685137027
"12/5/2014",8,30.02,95.2555685137027
"12/5/2014",9,32,95.2555685137027
"12/5/2014",10,35.96,95.2555685137027
"12/5/2014",11,37.94,95.2555685137027
"12/5/2014",12,42.08,95.2555685137027
"12/5/2014",13,42.08,56.3471136776725
"12/5/2014",14,41,56.3471136776725
"12/5/2014",15,39.92,56.3471136776725
"12/5/2014",16,39.92,56.3471136776725
"12/5/2014",17,39.92,56.3471136776725
"12/5/2014",18,41,56.3471136776725
"12/5/2014",19,41,50.6871367371064
"12/5/2014",20,41,50.6871367371064
"12/5/2014",21,41,50.6871367371064
"12/5/2014",22,39.92,50.6871367371064
"12/5/2014",23,39.56,50.6871367371064
"12/6/2014",0,39.74,50.6871367371064
"12/6/2014",1,40.1,50.6871367371064
"12/6/2014",2,42.08,50.6871367371064
"12/6/2014",3,42.86,50.6871367371064
"12/6/2014",4,44.42,50.6871367371064
"12/6/2014",5,44.78,50.6871367371064
"12/6/2014",6,44.78,50.6871367371064
"12/6/2014",7,44.72,95.2555685137027
"12/6/2014",8,41,95.2555685137027
"12/6/2014",9,39.14,95.2555685137027
"12/6/2014",10,37.94,95.2555685137027
"12/6/2014",11,39.02,95.2555685137027
"12/6/2014",12,39.02,95.2555685137027
"12/6/2014",13,39.56,56.3471136776725
"12/6/2014",14,39.92,56.3471136776725
"12/6/2014",15,41,56.3471136776725
"12/6/2014",16,41,56.3471136776725
"12/6/2014",17,41,56.3471136776725
"12/6/2014",18,39.02,56.3471136776725
"12/6/2014",19,39.02,50.6871367371064
"12/6/2014",20,39.02,50.6871367371064
"12/6/2014",21,39.02,50.6871367371064
"12/6/2014",22,37.94,50.6871367371064
"12/6/2014",23,37.94,50.6871367371064
"12/7/2014",0,37.22,50.6871367371064
"12/7/2014",1,35.78,50.6871367371064
"12/7/2014",2,37.22,50.6871367371064
"12/7/2014",3,37.22,50.6871367371064
"12/7/2014",4,35.96,50.6871367371064
"12/7/2014",5,35.06,50.6871367371064
"12/7/2014",6,33.89,50.6871367371064
"12/7/2014",7,33.98,95.2555685137027
"12/7/2014",8,33.98,95.2555685137027
"12/7/2014",9,33.98,95.2555685137027
"12/7/2014",10,33.98,95.2555685137027
"12/7/2014",11,33.98,95.2555685137027
"12/7/2014",12,33.98,95.2555685137027
"12/7/2014",13,35.96,56.3471136776725
"12/7/2014",14,37.04,56.3471136776725
"12/7/2014",15,35.96,56.3471136776725
"12/7/2014",16,32,56.3471136776725
"12/7/2014",17,30.02,56.3471136776725
"12/7/2014",18,28.04,56.3471136776725
"12/7/2014",19,26.06,50.6871367371064
"12/7/2014",20,24.08,50.6871367371064
"12/7/2014",21,23,50.6871367371064
"12/7/2014",22,21.92,50.6871367371064
"12/7/2014",23,21.02,50.6871367371064
"12/8/2014",0,19.67,50.6871367371064
"12/8/2014",1,19.94,50.6871367371064
"12/8/2014",2,19.04,50.6871367371064
"12/8/2014",3,19.04,50.6871367371064
"12/8/2014",4,19.04,50.6871367371064
"12/8/2014",5,17.96,50.6871367371064
"12/8/2014",6,19.04,50.6871367371064
"12/8/2014",7,19.04,95.2555685137027
"12/8/2014",8,19.94,95.2555685137027
"12/8/2014",9,21.02,95.2555685137027
"12/8/2014",10,21.02,95.2555685137027
"12/8/2014",11,21.92,95.2555685137027
"12/8/2014",12,23,95.2555685137027
"12/8/2014",13,24.08,56.3471136776725
"12/8/2014",14,24.08,56.3471136776725
"12/8/2014",15,24.89,56.3471136776725
"12/8/2014",16,24.98,56.3471136776725
"12/8/2014",17,26.06,56.3471136776725
"12/8/2014",18,26.06,56.3471136776725
"12/8/2014",19,26.33,50.6871367371064
"12/8/2014",20,25.79,50.6871367371064
"12/8/2014",21,24.89,50.6871367371064
"12/8/2014",22,25.43,50.6871367371064
"12/8/2014",23,27.635,50.6871367371064
"12/9/2014",0,30.32,50.6871367371064
"12/9/2014",1,32.66,50.6871367371064
"12/9/2014",2,39.2,50.6871367371064
"12/9/2014",3,42.08,50.6871367371064
"12/9/2014",4,37.04,50.6871367371064
"12/9/2014",5,37.4,50.6871367371064
"12/9/2014",6,42.89,50.6871367371064
"12/9/2014",7,42.98,95.2555685137027
"12/9/2014",8,44.06,95.2555685137027
"12/9/2014",9,44.96,95.2555685137027
"12/9/2014",10,44.78,95.2555685137027
"12/9/2014",11,44.96,95.2555685137027
"12/9/2014",12,46.28,95.2555685137027
"12/9/2014",13,46.94,56.3471136776725
"12/9/2014",14,46.94,56.3471136776725
"12/9/2014",15,46.58,56.3471136776725
"12/9/2014",16,48.02,56.3471136776725
"12/9/2014",17,48.14,131.330243534597
"12/9/2014",18,48.44,131.330243534597
"12/9/2014",19,48.92,78.9336569780762
"12/9/2014",20,48.56,78.9336569780762
"12/9/2014",21,48.92,78.9336569780762
"12/9/2014",22,48.92,78.9336569780762
"12/9/2014",23,48.92,78.9336569780762
"12/10/2014",0,46.04,50.6871367371064
"12/10/2014",1,44.96,50.6871367371064
"12/10/2014",2,42.98,50.6871367371064
"12/10/2014",3,42.08,50.6871367371064
"12/10/2014",4,42.08,50.6871367371064
"12/10/2014",5,42.2,50.6871367371064
"12/10/2014",6,41,50.6871367371064
"12/10/2014",7,41.9,95.2555685137027
"12/10/2014",8,41,95.2555685137027
"12/10/2014",9,41,95.2555685137027
"12/10/2014",10,41.36,95.2555685137027
"12/10/2014",11,42.56,95.2555685137027
"12/10/2014",12,42.44,95.2555685137027
"12/10/2014",13,42.56,56.3471136776725
"12/10/2014",14,41,56.3471136776725
"12/10/2014",15,39.92,56.3471136776725
"12/10/2014",16,39.92,56.3471136776725
"12/10/2014",17,39.11,56.3471136776725
"12/10/2014",18,39.11,56.3471136776725
"12/10/2014",19,39.02,50.6871367371064
"12/10/2014",20,39.14,50.6871367371064
"12/10/2014",21,37.94,50.6871367371064
"12/10/2014",22,39.02,50.6871367371064
"12/10/2014",23,39.02,50.6871367371064
"12/11/2014",0,39.14,50.6871367371064
"12/11/2014",1,39.155,50.6871367371064
"12/11/2014",2,37.94,50.6871367371064
"12/11/2014",3,37.94,50.6871367371064
"12/11/2014",4,37.04,50.6871367371064
"12/11/2014",5,35.96,50.6871367371064
"12/11/2014",6,35.06,50.6871367371064
"12/11/2014",7,35.33,95.2555685137027
"12/11/2014",8,35.33,95.2555685137027
"12/11/2014",9,34.43,95.2555685137027
"12/11/2014",10,33.98,95.2555685137027
"12/11/2014",11,33.89,95.2555685137027
"12/11/2014",12,33.656,95.2555685137027
"12/11/2014",13,33.86,56.3471136776725
"12/11/2014",14,33.86,56.3471136776725
"12/11/2014",15,33.98,56.3471136776725
"12/11/2014",16,33.89,56.3471136776725
"12/11/2014",17,33.98,56.3471136776725
"12/11/2014",18,33.08,56.3471136776725
"12/11/2014",19,33.08,50.6871367371064
"12/11/2014",20,32,50.6871367371064
"12/11/2014",21,32,50.6871367371064
"12/11/2014",22,32,50.6871367371064
"12/11/2014",23,32,50.6871367371064
"12/12/2014",0,32,50.6871367371064
"12/12/2014",1,30.92,50.6871367371064
"12/12/2014",2,30.92,50.6871367371064
"12/12/2014",3,30.92,50.6871367371064
"12/12/2014",4,30.92,50.6871367371064
"12/12/2014",5,32,50.6871367371064
"12/12/2014",6,32,50.6871367371064
"12/12/2014",7,32,95.2555685137027
"12/12/2014",8,33.98,95.2555685137027
"12/12/2014",9,35.06,95.2555685137027
"12/12/2014",10,36.32,95.2555685137027
"12/12/2014",11,35.96,95.2555685137027
"12/12/2014",12,37.04,95.2555685137027
"12/12/2014",13,37.67,56.3471136776725
"12/12/2014",14,37.94,56.3471136776725
"12/12/2014",15,37.94,56.3471136776725
"12/12/2014",16,37.04,56.3471136776725
"12/12/2014",17,35.96,56.3471136776725
"12/12/2014",18,36.68,56.3471136776725
"12/12/2014",19,35.33,50.6871367371064
"12/12/2014",20,33.98,50.6871367371064
"12/12/2014",21,33.98,50.6871367371064
"12/12/2014",22,33.98,50.6871367371064
"12/12/2014",23,33.08,50.6871367371064
"12/13/2014",0,33.08,50.6871367371064
"12/13/2014",1,33.08,50.6871367371064
"12/13/2014",2,33.08,50.6871367371064
"12/13/2014",3,32,50.6871367371064
"12/13/2014",4,32,50.6871367371064
"12/13/2014",5,32,50.6871367371064
"12/13/2014",6,32,50.6871367371064
"12/13/2014",7,33.08,95.2555685137027
"12/13/2014",8,33.8,95.2555685137027
"12/13/2014",9,35.06,95.2555685137027
"12/13/2014",10,35.96,95.2555685137027
"12/13/2014",11,37.94,95.2555685137027
"12/13/2014",12,39.92,95.2555685137027
"12/13/2014",13,41,56.3471136776725
"12/13/2014",14,41,56.3471136776725
"12/13/2014",15,39.92,56.3471136776725
"12/13/2014",16,39.02,56.3471136776725
"12/13/2014",17,39.02,56.3471136776725
"12/13/2014",18,37.94,56.3471136776725
"12/13/2014",19,37.04,50.6871367371064
"12/13/2014",20,35.96,50.6871367371064
"12/13/2014",21,33.98,50.6871367371064
"12/13/2014",22,33.98,50.6871367371064
"12/13/2014",23,33.08,50.6871367371064
"12/14/2014",0,33.98,50.6871367371064
"12/14/2014",1,33.98,50.6871367371064
"12/14/2014",2,33.98,50.6871367371064
"12/14/2014",3,33.98,50.6871367371064
"12/14/2014",4,33.08,50.6871367371064
"12/14/2014",5,33.98,50.6871367371064
"12/14/2014",6,33.98,50.6871367371064
"12/14/2014",7,33.98,95.2555685137027
"12/14/2014",8,35.42,95.2555685137027
"12/14/2014",9,37.04,95.2555685137027
"12/14/2014",10,39.02,95.2555685137027
"12/14/2014",11,41,95.2555685137027
"12/14/2014",12,42.98,95.2555685137027
"12/14/2014",13,44.06,56.3471136776725
"12/14/2014",14,44.06,56.3471136776725
"12/14/2014",15,42.98,56.3471136776725
"12/14/2014",16,41,56.3471136776725
"12/14/2014",17,39.92,56.3471136776725
"12/14/2014",18,37.94,56.3471136776725
"12/14/2014",19,37.04,50.6871367371064
"12/14/2014",20,35.06,50.6871367371064
"12/14/2014",21,35.06,50.6871367371064
"12/14/2014",22,33.98,50.6871367371064
"12/14/2014",23,33.98,50.6871367371064
"12/15/2014",0,33.98,50.6871367371064
"12/15/2014",1,33.08,50.6871367371064
"12/15/2014",2,33.08,50.6871367371064
"12/15/2014",3,33.08,50.6871367371064
"12/15/2014",4,33.08,50.6871367371064
"12/15/2014",5,33.08,50.6871367371064
"12/15/2014",6,32,50.6871367371064
"12/15/2014",7,33.98,95.2555685137027
"12/15/2014",8,35.06,95.2555685137027
"12/15/2014",9,37.04,95.2555685137027
"12/15/2014",10,39.02,95.2555685137027
"12/15/2014",11,41,95.2555685137027
"12/15/2014",12,39.92,95.2555685137027
"12/15/2014",13,39.92,56.3471136776725
"12/15/2014",14,39.02,56.3471136776725
"12/15/2014",15,37.94,56.3471136776725
"12/15/2014",16,37.04,56.3471136776725
"12/15/2014",17,39.02,56.3471136776725
"12/15/2014",18,37.04,56.3471136776725
"12/15/2014",19,37.94,50.6871367371064
"12/15/2014",20,35.96,50.6871367371064
"12/15/2014",21,35.96,50.6871367371064
"12/15/2014",22,36.32,50.6871367371064
"12/15/2014",23,37.94,50.6871367371064
"12/16/2014",0,35.96,50.6871367371064
"12/16/2014",1,35.06,50.6871367371064
"12/16/2014",2,35.06,50.6871367371064
"12/16/2014",3,35.06,50.6871367371064
"12/16/2014",4,35.96,50.6871367371064
"12/16/2014",5,37.04,50.6871367371064
"12/16/2014",6,37.94,50.6871367371064
"12/16/2014",7,39.02,95.2555685137027
"12/16/2014",8,39.02,95.2555685137027
"12/16/2014",9,39.92,95.2555685137027
"12/16/2014",10,41,95.2555685137027
"12/16/2014",11,39.92,95.2555685137027
"12/16/2014",12,39.92,95.2555685137027
"12/16/2014",13,39.92,56.3471136776725
"12/16/2014",14,39.92,56.3471136776725
"12/16/2014",15,39.92,56.3471136776725
"12/16/2014",16,41,56.3471136776725
"12/16/2014",17,41.54,56.3471136776725
"12/16/2014",18,42.08,56.3471136776725
"12/16/2014",19,42.98,50.6871367371064
"12/16/2014",20,43.43,50.6871367371064
"12/16/2014",21,44.06,50.6871367371064
"12/16/2014",22,44.06,50.6871367371064
"12/16/2014",23,42.98,50.6871367371064
"12/17/2014",0,43.46,50.6871367371064
"12/17/2014",1,44.06,50.6871367371064
"12/17/2014",2,44.96,50.6871367371064
"12/17/2014",3,46.04,50.6871367371064
"12/17/2014",4,46.94,50.6871367371064
"12/17/2014",5,44.96,50.6871367371064
"12/17/2014",6,44.42,50.6871367371064
"12/17/2014",7,42.98,95.2555685137027
"12/17/2014",8,42.98,95.2555685137027
"12/17/2014",9,42.89,95.2555685137027
"12/17/2014",10,42.44,95.2555685137027
"12/17/2014",11,42.86,95.2555685137027
"12/17/2014",12,44.78,95.2555685137027
"12/17/2014",13,46.04,56.3471136776725
"12/17/2014",14,46.67,56.3471136776725
"12/17/2014",15,47.21,56.3471136776725
"12/17/2014",16,48.02,56.3471136776725
"12/17/2014",17,46.94,56.3471136776725
"12/17/2014",18,45.86,56.3471136776725
"12/17/2014",19,44.96,50.6871367371064
"12/17/2014",20,44.06,50.6871367371064
"12/17/2014",21,42.98,50.6871367371064
"12/17/2014",22,42.08,50.6871367371064
"12/17/2014",23,41,50.6871367371064
"12/18/2014",0,39.92,50.6871367371064
"12/18/2014",1,39.92,50.6871367371064
"12/18/2014",2,39.92,50.6871367371064
"12/18/2014",3,39.92,50.6871367371064
"12/18/2014",4,39.02,50.6871367371064
"12/18/2014",5,37.04,50.6871367371064
"12/18/2014",6,37.04,50.6871367371064
"12/18/2014",7,36.32,95.2555685137027
"12/18/2014",8,37.04,95.2555685137027
"12/18/2014",9,39.92,95.2555685137027
"12/18/2014",10,41,95.2555685137027
"12/18/2014",11,42.98,95.2555685137027
"12/18/2014",12,42.98,95.2555685137027
"12/18/2014",13,42.98,56.3471136776725
"12/18/2014",14,42.98,56.3471136776725
"12/18/2014",15,42.08,56.3471136776725
"12/18/2014",16,41,56.3471136776725
"12/18/2014",17,41,56.3471136776725
"12/18/2014",18,39.92,56.3471136776725
"12/18/2014",19,39.02,50.6871367371064
"12/18/2014",20,39.02,50.6871367371064
"12/18/2014",21,39.02,50.6871367371064
"12/18/2014",22,37.94,50.6871367371064
"12/18/2014",23,37.04,50.6871367371064
"12/19/2014",0,37.04,50.6871367371064
"12/19/2014",1,37.04,50.6871367371064
"12/19/2014",2,35.96,50.6871367371064
"12/19/2014",3,35.06,50.6871367371064
"12/19/2014",4,35.06,50.6871367371064
"12/19/2014",5,33.98,50.6871367371064
"12/19/2014",6,33.98,50.6871367371064
"12/19/2014",7,33.98,95.2555685137027
"12/19/2014",8,35.06,95.2555685137027
"12/19/2014",9,33.98,95.2555685137027
"12/19/2014",10,33.98,95.2555685137027
"12/19/2014",11,35.06,95.2555685137027
"12/19/2014",12,35.06,95.2555685137027
"12/19/2014",13,35.06,56.3471136776725
"12/19/2014",14,35.06,56.3471136776725
"12/19/2014",15,35.06,56.3471136776725
"12/19/2014",16,33.08,56.3471136776725
"12/19/2014",17,32,56.3471136776725
"12/19/2014",18,30.92,56.3471136776725
"12/19/2014",19,30.92,50.6871367371064
"12/19/2014",20,30.02,50.6871367371064
"12/19/2014",21,30.02,50.6871367371064
"12/19/2014",22,28.94,50.6871367371064
"12/19/2014",23,28.94,50.6871367371064
"12/20/2014",0,28.04,50.6871367371064
"12/20/2014",1,28.04,50.6871367371064
"12/20/2014",2,28.04,50.6871367371064
"12/20/2014",3,28.04,50.6871367371064
"12/20/2014",4,28.04,50.6871367371064
"12/20/2014",5,28.04,50.6871367371064
"12/20/2014",6,26.96,50.6871367371064
"12/20/2014",7,28.04,95.2555685137027
"12/20/2014",8,30.02,95.2555685137027
"12/20/2014",9,30.11,95.2555685137027
"12/20/2014",10,30.92,95.2555685137027
"12/20/2014",11,33.08,95.2555685137027
"12/20/2014",12,33.08,95.2555685137027
"12/20/2014",13,33.98,56.3471136776725
"12/20/2014",14,33.8,56.3471136776725
"12/20/2014",15,33.98,56.3471136776725
"12/20/2014",16,33.08,56.3471136776725
"12/20/2014",17,33.44,56.3471136776725
"12/20/2014",18,33.89,56.3471136776725
"12/20/2014",19,35.06,50.6871367371064
"12/20/2014",20,35.06,50.6871367371064
"12/20/2014",21,35.06,50.6871367371064
"12/20/2014",22,35.06,50.6871367371064
"12/20/2014",23,35.06,50.6871367371064
"12/21/2014",0,35.06,50.6871367371064
"12/21/2014",1,35.33,50.6871367371064
"12/21/2014",2,35.06,50.6871367371064
"12/21/2014",3,35.06,50.6871367371064
"12/21/2014",4,32,50.6871367371064
"12/21/2014",5,32,50.6871367371064
"12/21/2014",6,30.92,50.6871367371064
"12/21/2014",7,30.02,95.2555685137027
"12/21/2014",8,30.02,95.2555685137027
"12/21/2014",9,30.11,95.2555685137027
"12/21/2014",10,30.92,95.2555685137027
"12/21/2014",11,32,95.2555685137027
"12/21/2014",12,32,95.2555685137027
"12/21/2014",13,33.08,56.3471136776725
"12/21/2014",14,33.08,56.3471136776725
"12/21/2014",15,33.8,56.3471136776725
"12/21/2014",16,33.98,56.3471136776725
"12/21/2014",17,33.89,56.3471136776725
"12/21/2014",18,33.98,56.3471136776725
"12/21/2014",19,33.98,50.6871367371064
"12/21/2014",20,33.98,50.6871367371064
"12/21/2014",21,33.98,50.6871367371064
"12/21/2014",22,33.98,50.6871367371064
"12/21/2014",23,33.98,50.6871367371064
"12/22/2014",0,33.08,50.6871367371064
"12/22/2014",1,33.08,50.6871367371064
"12/22/2014",2,33.08,50.6871367371064
"12/22/2014",3,33.08,50.6871367371064
"12/22/2014",4,33.08,50.6871367371064
"12/22/2014",5,33.08,50.6871367371064
"12/22/2014",6,33.56,50.6871367371064
"12/22/2014",7,33.98,95.2555685137027
"12/22/2014",8,35.06,95.2555685137027
"12/22/2014",9,37.94,95.2555685137027
"12/22/2014",10,39.92,95.2555685137027
"12/22/2014",11,42.08,95.2555685137027
"12/22/2014",12,44.06,95.2555685137027
"12/22/2014",13,43.46,56.3471136776725
"12/22/2014",14,42.44,56.3471136776725
"12/22/2014",15,41.9,56.3471136776725
"12/22/2014",16,41,56.3471136776725
"12/22/2014",17,41,56.3471136776725
"12/22/2014",18,40.1,56.3471136776725
"12/22/2014",19,42.56,50.6871367371064
"12/22/2014",20,41,50.6871367371064
"12/22/2014",21,42.08,50.6871367371064
"12/22/2014",22,42.08,50.6871367371064
"12/22/2014",23,42.08,50.6871367371064
"12/23/2014",0,42.89,50.6871367371064
"12/23/2014",1,42.89,50.6871367371064
"12/23/2014",2,42.86,50.6871367371064
"12/23/2014",3,42.86,50.6871367371064
"12/23/2014",4,43.43,50.6871367371064
"12/23/2014",5,42.98,50.6871367371064
"12/23/2014",6,42.845,50.6871367371064
"12/23/2014",7,44.06,95.2555685137027
"12/23/2014",8,44.06,95.2555685137027
"12/23/2014",9,44.96,95.2555685137027
"12/23/2014",10,44.06,95.2555685137027
"12/23/2014",11,44.96,95.2555685137027
"12/23/2014",12,44.96,95.2555685137027
"12/23/2014",13,44.72,56.3471136776725
"12/23/2014",14,44.96,56.3471136776725
"12/23/2014",15,44.96,56.3471136776725
"12/23/2014",16,45.68,56.3471136776725
"12/23/2014",17,46.04,56.3471136776725
"12/23/2014",18,46.04,56.3471136776725
"12/23/2014",19,46.04,50.6871367371064
"12/23/2014",20,46.04,50.6871367371064
"12/23/2014",21,42.98,50.6871367371064
"12/23/2014",22,42.98,50.6871367371064
"12/23/2014",23,42.08,50.6871367371064
"12/24/2014",0,42.08,50.6871367371064
"12/24/2014",1,42.08,50.6871367371064
"12/24/2014",2,42.08,50.6871367371064
"12/24/2014",3,42.08,50.6871367371064
"12/24/2014",4,41,50.6871367371064
"12/24/2014",5,41,50.6871367371064
"12/24/2014",6,41,50.6871367371064
"12/24/2014",7,42.08,95.2555685137027
"12/24/2014",8,42.08,95.2555685137027
"12/24/2014",9,42.98,95.2555685137027
"12/24/2014",10,44.96,95.2555685137027
"12/24/2014",11,44.96,95.2555685137027
"12/24/2014",12,44.96,95.2555685137027
"12/24/2014",13,44.96,56.3471136776725
"12/24/2014",14,44.96,56.3471136776725
"12/24/2014",15,44.96,56.3471136776725
"12/24/2014",16,46.04,56.3471136776725
"12/24/2014",17,44.78,56.3471136776725
"12/24/2014",18,46.22,56.3471136776725
"12/24/2014",19,46.04,50.6871367371064
"12/24/2014",20,44.78,50.6871367371064
"12/24/2014",21,44.78,50.6871367371064
"12/24/2014",22,46.04,50.6871367371064
"12/24/2014",23,44.96,50.6871367371064
"12/25/2014",0,44.78,50.6871367371064
"12/25/2014",1,44.72,50.6871367371064
"12/25/2014",2,46.94,50.6871367371064
"12/25/2014",3,57.92,78.9336569780762
"12/25/2014",4,58.46,78.9336569780762
"12/25/2014",5,57.56,78.9336569780762
"12/25/2014",6,57.56,78.9336569780762
"12/25/2014",7,55.67,131.330243534597
"12/25/2014",8,57.02,131.330243534597
"12/25/2014",9,53.96,131.330243534597
"12/25/2014",10,51.98,131.330243534597
"12/25/2014",11,50,131.330243534597
"12/25/2014",12,51.08,131.330243534597
"12/25/2014",13,51.08,131.330243534597
"12/25/2014",14,50,131.330243534597
"12/25/2014",15,48.02,56.3471136776725
"12/25/2014",16,46.94,56.3471136776725
"12/25/2014",17,46.94,56.3471136776725
"12/25/2014",18,46.94,56.3471136776725
"12/25/2014",19,46.04,50.6871367371064
"12/25/2014",20,46.04,50.6871367371064
"12/25/2014",21,44.96,50.6871367371064
"12/25/2014",22,44.96,50.6871367371064
"12/25/2014",23,44.06,50.6871367371064
"12/26/2014",0,42.98,50.6871367371064
"12/26/2014",1,42.08,50.6871367371064
"12/26/2014",2,42.08,50.6871367371064
"12/26/2014",3,39.92,50.6871367371064
"12/26/2014",4,41,50.6871367371064
"12/26/2014",5,37.94,50.6871367371064
"12/26/2014",6,37.94,50.6871367371064
"12/26/2014",7,39.02,95.2555685137027
"12/26/2014",8,42.98,95.2555685137027
"12/26/2014",9,44.96,95.2555685137027
"12/26/2014",10,46.04,95.2555685137027
"12/26/2014",11,46.94,95.2555685137027
"12/26/2014",12,48.02,95.2555685137027
"12/26/2014",13,48.92,131.330243534597
"12/26/2014",14,48.92,131.330243534597
"12/26/2014",15,48.02,56.3471136776725
"12/26/2014",16,48.02,56.3471136776725
"12/26/2014",17,46.04,56.3471136776725
"12/26/2014",18,44.96,56.3471136776725
"12/26/2014",19,44.06,50.6871367371064
"12/26/2014",20,42.98,50.6871367371064
"12/26/2014",21,42.98,50.6871367371064
"12/26/2014",22,42.08,50.6871367371064
"12/26/2014",23,41,50.6871367371064
"12/27/2014",0,39.92,50.6871367371064
"12/27/2014",1,39.92,50.6871367371064
"12/27/2014",2,41,50.6871367371064
"12/27/2014",3,41,50.6871367371064
"12/27/2014",4,39.92,50.6871367371064
"12/27/2014",5,41,50.6871367371064
"12/27/2014",6,39.92,50.6871367371064
"12/27/2014",7,41,95.2555685137027
"12/27/2014",8,42.98,95.2555685137027
"12/27/2014",9,44.96,95.2555685137027
"12/27/2014",10,48.02,95.2555685137027
"12/27/2014",11,50,131.330243534597
"12/27/2014",12,51.98,131.330243534597
"12/27/2014",13,51.8,131.330243534597
"12/27/2014",14,51.98,131.330243534597
"12/27/2014",15,50,131.330243534597
"12/27/2014",16,48.02,56.3471136776725
"12/27/2014",17,46.94,56.3471136776725
"12/27/2014",18,46.04,56.3471136776725
"12/27/2014",19,44.96,50.6871367371064
"12/27/2014",20,44.06,50.6871367371064
"12/27/2014",21,42.98,50.6871367371064
"12/27/2014",22,44.06,50.6871367371064
"12/27/2014",23,42.98,50.6871367371064
"12/28/2014",0,44.96,50.6871367371064
"12/28/2014",1,44.96,50.6871367371064
"12/28/2014",2,44.96,50.6871367371064
"12/28/2014",3,44.96,50.6871367371064
"12/28/2014",4,44.96,50.6871367371064
"12/28/2014",5,44.96,50.6871367371064
"12/28/2014",6,44.96,50.6871367371064
"12/28/2014",7,46.04,95.2555685137027
"12/28/2014",8,46.04,95.2555685137027
"12/28/2014",9,46.94,95.2555685137027
"12/28/2014",10,48.02,95.2555685137027
"12/28/2014",11,48.92,87.4556011579178
"12/28/2014",12,50,87.4556011579178
"12/28/2014",13,51.08,87.4556011579178
"12/28/2014",14,51.98,87.4556011579178
"12/28/2014",15,48.92,87.4556011579178
"12/28/2014",16,46.94,56.3471136776725
"12/28/2014",17,46.94,56.3471136776725
"12/28/2014",18,46.04,56.3471136776725
"12/28/2014",19,44.96,50.6871367371064
"12/28/2014",20,44.06,50.6871367371064
"12/28/2014",21,42.08,50.6871367371064
"12/28/2014",22,41,50.6871367371064
"12/28/2014",23,39.92,50.6871367371064
"12/29/2014",0,39.02,50.6871367371064
"12/29/2014",1,37.94,50.6871367371064
"12/29/2014",2,37.04,50.6871367371064
"12/29/2014",3,35.96,50.6871367371064
"12/29/2014",4,35.96,50.6871367371064
"12/29/2014",5,35.96,50.6871367371064
"12/29/2014",6,35.06,50.6871367371064
"12/29/2014",7,35.06,95.2555685137027
"12/29/2014",8,35.06,95.2555685137027
"12/29/2014",9,39.02,95.2555685137027
"12/29/2014",10,39.92,95.2555685137027
"12/29/2014",11,41,95.2555685137027
"12/29/2014",12,39.92,95.2555685137027
"12/29/2014",13,41,56.3471136776725
"12/29/2014",14,39.92,56.3471136776725
"12/29/2014",15,39.92,56.3471136776725
"12/29/2014",16,39.02,56.3471136776725
"12/29/2014",17,37.94,56.3471136776725
"12/29/2014",18,35.06,56.3471136776725
"12/29/2014",19,33.08,50.6871367371064
"12/29/2014",20,32,50.6871367371064
"12/29/2014",21,30.92,50.6871367371064
"12/29/2014",22,30.92,50.6871367371064
"12/29/2014",23,30.02,50.6871367371064
"12/30/2014",0,28.04,50.6871367371064
"12/30/2014",1,26.96,50.6871367371064
"12/30/2014",2,24.98,50.6871367371064
"12/30/2014",3,24.08,50.6871367371064
"12/30/2014",4,24.08,50.6871367371064
"12/30/2014",5,23,50.6871367371064
"12/30/2014",6,23,50.6871367371064
"12/30/2014",7,23,95.2555685137027
"12/30/2014",8,24.08,95.2555685137027
"12/30/2014",9,24.98,95.2555685137027
"12/30/2014",10,26.06,95.2555685137027
"12/30/2014",11,26.96,95.2555685137027
"12/30/2014",12,28.04,95.2555685137027
"12/30/2014",13,28.94,56.3471136776725
"12/30/2014",14,30.02,56.3471136776725
"12/30/2014",15,28.94,56.3471136776725
"12/30/2014",16,28.04,56.3471136776725
"12/30/2014",17,26.96,56.3471136776725
"12/30/2014",18,26.06,56.3471136776725
"12/30/2014",19,24.98,50.6871367371064
"12/30/2014",20,24.98,50.6871367371064
"12/30/2014",21,24.08,50.6871367371064
"12/30/2014",22,23,50.6871367371064
"12/30/2014",23,21.92,50.6871367371064
"12/31/2014",0,21.02,50.6871367371064
"12/31/2014",1,19.94,50.6871367371064
"12/31/2014",2,19.94,50.6871367371064
"12/31/2014",3,19.94,50.6871367371064
"12/31/2014",4,19.94,50.6871367371064
"12/31/2014",5,19.94,50.6871367371064
"12/31/2014",6,19.94,50.6871367371064
"12/31/2014",7,21.02,95.2555685137027
"12/31/2014",8,24.08,95.2555685137027
"12/31/2014",9,26.06,95.2555685137027
"12/31/2014",10,28.04,95.2555685137027
"12/31/2014",11,28.94,95.2555685137027
"12/31/2014",12,28.94,95.2555685137027
"12/31/2014",13,28.94,56.3471136776725
"12/31/2014",14,28.94,56.3471136776725
"12/31/2014",15,28.04,56.3471136776725
"12/31/2014",16,26.96,56.3471136776725
"12/31/2014",17,26.06,56.3471136776725
"12/31/2014",18,26.06,56.3471136776725
"12/31/2014",19,24.98,50.6871367371064
"12/31/2014",20,24.98,50.6871367371064
"12/31/2014",21,23,50.6871367371064
"12/31/2014",22,21.92,50.6871367371064
"12/31/2014",23,21.92,50.6871367371064
