"date","month","day","year","hour","DayOfWeek","Weekday","PeakHour","temp"
2014-12-01,"12","1","2014",0,1,1,0,51.98
2014-12-01,"12","1","2014",1,1,1,0,51.98
2014-12-01,"12","1","2014",2,1,1,0,51.08
2014-12-01,"12","1","2014",3,1,1,0,51.08
2014-12-01,"12","1","2014",4,1,1,0,51.08
2014-12-01,"12","1","2014",5,1,1,0,51.08
2014-12-01,"12","1","2014",6,1,1,0,50
2014-12-01,"12","1","2014",7,1,1,1,53.06
2014-12-01,"12","1","2014",8,1,1,1,55.94
2014-12-01,"12","1","2014",9,1,1,1,60.08
2014-12-01,"12","1","2014",10,1,1,1,60.08
2014-12-01,"12","1","2014",11,1,1,1,62.06
2014-12-01,"12","1","2014",12,1,1,1,62.96
2014-12-01,"12","1","2014",13,1,1,1,60.98
2014-12-01,"12","1","2014",14,1,1,1,57.92
2014-12-01,"12","1","2014",15,1,1,1,55.04
2014-12-01,"12","1","2014",16,1,1,1,53.06
2014-12-01,"12","1","2014",17,1,1,1,51.08
2014-12-01,"12","1","2014",18,1,1,1,48.92
2014-12-01,"12","1","2014",19,1,1,0,48.02
2014-12-01,"12","1","2014",20,1,1,0,46.94
2014-12-01,"12","1","2014",21,1,1,0,42.98
2014-12-01,"12","1","2014",22,1,1,0,41
2014-12-01,"12","1","2014",23,1,1,0,39.02
2014-12-02,"12","2","2014",0,2,1,0,37.94
2014-12-02,"12","2","2014",1,2,1,0,37.04
2014-12-02,"12","2","2014",2,2,1,0,35.96
2014-12-02,"12","2","2014",3,2,1,0,35.06
2014-12-02,"12","2","2014",4,2,1,0,35.06
2014-12-02,"12","2","2014",5,2,1,0,33.98
2014-12-02,"12","2","2014",6,2,1,0,33.98
2014-12-02,"12","2","2014",7,2,1,1,33.08
2014-12-02,"12","2","2014",8,2,1,1,33.08
2014-12-02,"12","2","2014",9,2,1,1,33.98
2014-12-02,"12","2","2014",10,2,1,1,35.06
2014-12-02,"12","2","2014",11,2,1,1,37.04
2014-12-02,"12","2","2014",12,2,1,1,37.04
2014-12-02,"12","2","2014",13,2,1,1,37.04
2014-12-02,"12","2","2014",14,2,1,1,37.04
2014-12-02,"12","2","2014",15,2,1,1,37.22
2014-12-02,"12","2","2014",16,2,1,1,35.96
2014-12-02,"12","2","2014",17,2,1,1,35.96
2014-12-02,"12","2","2014",18,2,1,1,36.68
2014-12-02,"12","2","2014",19,2,1,0,37.04
2014-12-02,"12","2","2014",20,2,1,0,37.67
2014-12-02,"12","2","2014",21,2,1,0,39.02
2014-12-02,"12","2","2014",22,2,1,0,39.32
2014-12-02,"12","2","2014",23,2,1,0,41
2014-12-03,"12","3","2014",0,3,1,0,42.89
2014-12-03,"12","3","2014",1,3,1,0,43.82
2014-12-03,"12","3","2014",2,3,1,0,44.96
2014-12-03,"12","3","2014",3,3,1,0,44.78
2014-12-03,"12","3","2014",4,3,1,0,45.14
2014-12-03,"12","3","2014",5,3,1,0,45.23
2014-12-03,"12","3","2014",6,3,1,0,37.58
2014-12-03,"12","3","2014",7,3,1,1,37.22
2014-12-03,"12","3","2014",8,3,1,1,37.94
2014-12-03,"12","3","2014",9,3,1,1,39.02
2014-12-03,"12","3","2014",10,3,1,1,40.1
2014-12-03,"12","3","2014",11,3,1,1,44.06
2014-12-03,"12","3","2014",12,3,1,1,46.31
2014-12-03,"12","3","2014",13,3,1,1,50
2014-12-03,"12","3","2014",14,3,1,1,51.08
2014-12-03,"12","3","2014",15,3,1,1,51.44
2014-12-03,"12","3","2014",16,3,1,1,50
2014-12-03,"12","3","2014",17,3,1,1,50
2014-12-03,"12","3","2014",18,3,1,1,50
2014-12-03,"12","3","2014",19,3,1,0,49.46
2014-12-03,"12","3","2014",20,3,1,0,48.02
2014-12-03,"12","3","2014",21,3,1,0,42.98
2014-12-03,"12","3","2014",22,3,1,0,42.08
2014-12-03,"12","3","2014",23,3,1,0,39.92
2014-12-04,"12","4","2014",0,4,1,0,39.02
2014-12-04,"12","4","2014",1,4,1,0,37.94
2014-12-04,"12","4","2014",2,4,1,0,37.94
2014-12-04,"12","4","2014",3,4,1,0,37.04
2014-12-04,"12","4","2014",4,4,1,0,37.04
2014-12-04,"12","4","2014",5,4,1,0,33.98
2014-12-04,"12","4","2014",6,4,1,0,33.98
2014-12-04,"12","4","2014",7,4,1,1,35.06
2014-12-04,"12","4","2014",8,4,1,1,37.94
2014-12-04,"12","4","2014",9,4,1,1,39.92
2014-12-04,"12","4","2014",10,4,1,1,41
2014-12-04,"12","4","2014",11,4,1,1,42.08
2014-12-04,"12","4","2014",12,4,1,1,42.98
2014-12-04,"12","4","2014",13,4,1,1,42.98
2014-12-04,"12","4","2014",14,4,1,1,42.08
2014-12-04,"12","4","2014",15,4,1,1,39.92
2014-12-04,"12","4","2014",16,4,1,1,37.04
2014-12-04,"12","4","2014",17,4,1,1,35.96
2014-12-04,"12","4","2014",18,4,1,1,33.98
2014-12-04,"12","4","2014",19,4,1,0,33.08
2014-12-04,"12","4","2014",20,4,1,0,32
2014-12-04,"12","4","2014",21,4,1,0,30.92
2014-12-04,"12","4","2014",22,4,1,0,30.02
2014-12-04,"12","4","2014",23,4,1,0,30.02
2014-12-05,"12","5","2014",0,5,1,0,28.94
2014-12-05,"12","5","2014",1,5,1,0,28.04
2014-12-05,"12","5","2014",2,5,1,0,28.04
2014-12-05,"12","5","2014",3,5,1,0,26.96
2014-12-05,"12","5","2014",4,5,1,0,26.96
2014-12-05,"12","5","2014",5,5,1,0,26.96
2014-12-05,"12","5","2014",6,5,1,0,26.06
2014-12-05,"12","5","2014",7,5,1,1,26.96
2014-12-05,"12","5","2014",8,5,1,1,30.02
2014-12-05,"12","5","2014",9,5,1,1,32
2014-12-05,"12","5","2014",10,5,1,1,35.96
2014-12-05,"12","5","2014",11,5,1,1,37.94
2014-12-05,"12","5","2014",12,5,1,1,42.08
2014-12-05,"12","5","2014",13,5,1,1,42.08
2014-12-05,"12","5","2014",14,5,1,1,41
2014-12-05,"12","5","2014",15,5,1,1,39.92
2014-12-05,"12","5","2014",16,5,1,1,39.92
2014-12-05,"12","5","2014",17,5,1,1,39.92
2014-12-05,"12","5","2014",18,5,1,1,41
2014-12-05,"12","5","2014",19,5,1,0,41
2014-12-05,"12","5","2014",20,5,1,0,41
2014-12-05,"12","5","2014",21,5,1,0,41
2014-12-05,"12","5","2014",22,5,1,0,39.92
2014-12-05,"12","5","2014",23,5,1,0,39.56
2014-12-06,"12","6","2014",0,6,0,0,39.74
2014-12-06,"12","6","2014",1,6,0,0,40.1
2014-12-06,"12","6","2014",2,6,0,0,42.08
2014-12-06,"12","6","2014",3,6,0,0,42.86
2014-12-06,"12","6","2014",4,6,0,0,44.42
2014-12-06,"12","6","2014",5,6,0,0,44.78
2014-12-06,"12","6","2014",6,6,0,0,44.78
2014-12-06,"12","6","2014",7,6,0,1,44.72
2014-12-06,"12","6","2014",8,6,0,1,41
2014-12-06,"12","6","2014",9,6,0,1,39.14
2014-12-06,"12","6","2014",10,6,0,1,37.94
2014-12-06,"12","6","2014",11,6,0,1,39.02
2014-12-06,"12","6","2014",12,6,0,1,39.02
2014-12-06,"12","6","2014",13,6,0,1,39.56
2014-12-06,"12","6","2014",14,6,0,1,39.92
2014-12-06,"12","6","2014",15,6,0,1,41
2014-12-06,"12","6","2014",16,6,0,1,41
2014-12-06,"12","6","2014",17,6,0,1,41
2014-12-06,"12","6","2014",18,6,0,1,39.02
2014-12-06,"12","6","2014",19,6,0,0,39.02
2014-12-06,"12","6","2014",20,6,0,0,39.02
2014-12-06,"12","6","2014",21,6,0,0,39.02
2014-12-06,"12","6","2014",22,6,0,0,37.94
2014-12-06,"12","6","2014",23,6,0,0,37.94
2014-12-07,"12","7","2014",0,0,0,0,37.22
2014-12-07,"12","7","2014",1,0,0,0,35.78
2014-12-07,"12","7","2014",2,0,0,0,37.22
2014-12-07,"12","7","2014",3,0,0,0,37.22
2014-12-07,"12","7","2014",4,0,0,0,35.96
2014-12-07,"12","7","2014",5,0,0,0,35.06
2014-12-07,"12","7","2014",6,0,0,0,33.89
2014-12-07,"12","7","2014",7,0,0,1,33.98
2014-12-07,"12","7","2014",8,0,0,1,33.98
2014-12-07,"12","7","2014",9,0,0,1,33.98
2014-12-07,"12","7","2014",10,0,0,1,33.98
2014-12-07,"12","7","2014",11,0,0,1,33.98
2014-12-07,"12","7","2014",12,0,0,1,33.98
2014-12-07,"12","7","2014",13,0,0,1,35.96
2014-12-07,"12","7","2014",14,0,0,1,37.04
2014-12-07,"12","7","2014",15,0,0,1,35.96
2014-12-07,"12","7","2014",16,0,0,1,32
2014-12-07,"12","7","2014",17,0,0,1,30.02
2014-12-07,"12","7","2014",18,0,0,1,28.04
2014-12-07,"12","7","2014",19,0,0,0,26.06
2014-12-07,"12","7","2014",20,0,0,0,24.08
2014-12-07,"12","7","2014",21,0,0,0,23
2014-12-07,"12","7","2014",22,0,0,0,21.92
2014-12-07,"12","7","2014",23,0,0,0,21.02
2014-12-08,"12","8","2014",0,1,1,0,19.67
2014-12-08,"12","8","2014",1,1,1,0,19.94
2014-12-08,"12","8","2014",2,1,1,0,19.04
2014-12-08,"12","8","2014",3,1,1,0,19.04
2014-12-08,"12","8","2014",4,1,1,0,19.04
2014-12-08,"12","8","2014",5,1,1,0,17.96
2014-12-08,"12","8","2014",6,1,1,0,19.04
2014-12-08,"12","8","2014",7,1,1,1,19.04
2014-12-08,"12","8","2014",8,1,1,1,19.94
2014-12-08,"12","8","2014",9,1,1,1,21.02
2014-12-08,"12","8","2014",10,1,1,1,21.02
2014-12-08,"12","8","2014",11,1,1,1,21.92
2014-12-08,"12","8","2014",12,1,1,1,23
2014-12-08,"12","8","2014",13,1,1,1,24.08
2014-12-08,"12","8","2014",14,1,1,1,24.08
2014-12-08,"12","8","2014",15,1,1,1,24.89
2014-12-08,"12","8","2014",16,1,1,1,24.98
2014-12-08,"12","8","2014",17,1,1,1,26.06
2014-12-08,"12","8","2014",18,1,1,1,26.06
2014-12-08,"12","8","2014",19,1,1,0,26.33
2014-12-08,"12","8","2014",20,1,1,0,25.79
2014-12-08,"12","8","2014",21,1,1,0,24.89
2014-12-08,"12","8","2014",22,1,1,0,25.43
2014-12-08,"12","8","2014",23,1,1,0,27.635
2014-12-09,"12","9","2014",0,2,1,0,30.32
2014-12-09,"12","9","2014",1,2,1,0,32.66
2014-12-09,"12","9","2014",2,2,1,0,39.2
2014-12-09,"12","9","2014",3,2,1,0,42.08
2014-12-09,"12","9","2014",4,2,1,0,37.04
2014-12-09,"12","9","2014",5,2,1,0,37.4
2014-12-09,"12","9","2014",6,2,1,0,42.89
2014-12-09,"12","9","2014",7,2,1,1,42.98
2014-12-09,"12","9","2014",8,2,1,1,44.06
2014-12-09,"12","9","2014",9,2,1,1,44.96
2014-12-09,"12","9","2014",10,2,1,1,44.78
2014-12-09,"12","9","2014",11,2,1,1,44.96
2014-12-09,"12","9","2014",12,2,1,1,46.28
2014-12-09,"12","9","2014",13,2,1,1,46.94
2014-12-09,"12","9","2014",14,2,1,1,46.94
2014-12-09,"12","9","2014",15,2,1,1,46.58
2014-12-09,"12","9","2014",16,2,1,1,48.02
2014-12-09,"12","9","2014",17,2,1,1,48.14
2014-12-09,"12","9","2014",18,2,1,1,48.44
2014-12-09,"12","9","2014",19,2,1,0,48.92
2014-12-09,"12","9","2014",20,2,1,0,48.56
2014-12-09,"12","9","2014",21,2,1,0,48.92
2014-12-09,"12","9","2014",22,2,1,0,48.92
2014-12-09,"12","9","2014",23,2,1,0,48.92
2014-12-10,"12","10","2014",0,3,1,0,46.04
2014-12-10,"12","10","2014",1,3,1,0,44.96
2014-12-10,"12","10","2014",2,3,1,0,42.98
2014-12-10,"12","10","2014",3,3,1,0,42.08
2014-12-10,"12","10","2014",4,3,1,0,42.08
2014-12-10,"12","10","2014",5,3,1,0,42.2
2014-12-10,"12","10","2014",6,3,1,0,41
2014-12-10,"12","10","2014",7,3,1,1,41.9
2014-12-10,"12","10","2014",8,3,1,1,41
2014-12-10,"12","10","2014",9,3,1,1,41
2014-12-10,"12","10","2014",10,3,1,1,41.36
2014-12-10,"12","10","2014",11,3,1,1,42.56
2014-12-10,"12","10","2014",12,3,1,1,42.44
2014-12-10,"12","10","2014",13,3,1,1,42.56
2014-12-10,"12","10","2014",14,3,1,1,41
2014-12-10,"12","10","2014",15,3,1,1,39.92
2014-12-10,"12","10","2014",16,3,1,1,39.92
2014-12-10,"12","10","2014",17,3,1,1,39.11
2014-12-10,"12","10","2014",18,3,1,1,39.11
2014-12-10,"12","10","2014",19,3,1,0,39.02
2014-12-10,"12","10","2014",20,3,1,0,39.14
2014-12-10,"12","10","2014",21,3,1,0,37.94
2014-12-10,"12","10","2014",22,3,1,0,39.02
2014-12-10,"12","10","2014",23,3,1,0,39.02
2014-12-11,"12","11","2014",0,4,1,0,39.14
2014-12-11,"12","11","2014",1,4,1,0,39.155
2014-12-11,"12","11","2014",2,4,1,0,37.94
2014-12-11,"12","11","2014",3,4,1,0,37.94
2014-12-11,"12","11","2014",4,4,1,0,37.04
2014-12-11,"12","11","2014",5,4,1,0,35.96
2014-12-11,"12","11","2014",6,4,1,0,35.06
2014-12-11,"12","11","2014",7,4,1,1,35.33
2014-12-11,"12","11","2014",8,4,1,1,35.33
2014-12-11,"12","11","2014",9,4,1,1,34.43
2014-12-11,"12","11","2014",10,4,1,1,33.98
2014-12-11,"12","11","2014",11,4,1,1,33.89
2014-12-11,"12","11","2014",12,4,1,1,33.656
2014-12-11,"12","11","2014",13,4,1,1,33.86
2014-12-11,"12","11","2014",14,4,1,1,33.86
2014-12-11,"12","11","2014",15,4,1,1,33.98
2014-12-11,"12","11","2014",16,4,1,1,33.89
2014-12-11,"12","11","2014",17,4,1,1,33.98
2014-12-11,"12","11","2014",18,4,1,1,33.08
2014-12-11,"12","11","2014",19,4,1,0,33.08
2014-12-11,"12","11","2014",20,4,1,0,32
2014-12-11,"12","11","2014",21,4,1,0,32
2014-12-11,"12","11","2014",22,4,1,0,32
2014-12-11,"12","11","2014",23,4,1,0,32
2014-12-12,"12","12","2014",0,5,1,0,32
2014-12-12,"12","12","2014",1,5,1,0,30.92
2014-12-12,"12","12","2014",2,5,1,0,30.92
2014-12-12,"12","12","2014",3,5,1,0,30.92
2014-12-12,"12","12","2014",4,5,1,0,30.92
2014-12-12,"12","12","2014",5,5,1,0,32
2014-12-12,"12","12","2014",6,5,1,0,32
2014-12-12,"12","12","2014",7,5,1,1,32
2014-12-12,"12","12","2014",8,5,1,1,33.98
2014-12-12,"12","12","2014",9,5,1,1,35.06
2014-12-12,"12","12","2014",10,5,1,1,36.32
2014-12-12,"12","12","2014",11,5,1,1,35.96
2014-12-12,"12","12","2014",12,5,1,1,37.04
2014-12-12,"12","12","2014",13,5,1,1,37.67
2014-12-12,"12","12","2014",14,5,1,1,37.94
2014-12-12,"12","12","2014",15,5,1,1,37.94
2014-12-12,"12","12","2014",16,5,1,1,37.04
2014-12-12,"12","12","2014",17,5,1,1,35.96
2014-12-12,"12","12","2014",18,5,1,1,36.68
2014-12-12,"12","12","2014",19,5,1,0,35.33
2014-12-12,"12","12","2014",20,5,1,0,33.98
2014-12-12,"12","12","2014",21,5,1,0,33.98
2014-12-12,"12","12","2014",22,5,1,0,33.98
2014-12-12,"12","12","2014",23,5,1,0,33.08
2014-12-13,"12","13","2014",0,6,0,0,33.08
2014-12-13,"12","13","2014",1,6,0,0,33.08
2014-12-13,"12","13","2014",2,6,0,0,33.08
2014-12-13,"12","13","2014",3,6,0,0,32
2014-12-13,"12","13","2014",4,6,0,0,32
2014-12-13,"12","13","2014",5,6,0,0,32
2014-12-13,"12","13","2014",6,6,0,0,32
2014-12-13,"12","13","2014",7,6,0,1,33.08
2014-12-13,"12","13","2014",8,6,0,1,33.8
2014-12-13,"12","13","2014",9,6,0,1,35.06
2014-12-13,"12","13","2014",10,6,0,1,35.96
2014-12-13,"12","13","2014",11,6,0,1,37.94
2014-12-13,"12","13","2014",12,6,0,1,39.92
2014-12-13,"12","13","2014",13,6,0,1,41
2014-12-13,"12","13","2014",14,6,0,1,41
2014-12-13,"12","13","2014",15,6,0,1,39.92
2014-12-13,"12","13","2014",16,6,0,1,39.02
2014-12-13,"12","13","2014",17,6,0,1,39.02
2014-12-13,"12","13","2014",18,6,0,1,37.94
2014-12-13,"12","13","2014",19,6,0,0,37.04
2014-12-13,"12","13","2014",20,6,0,0,35.96
2014-12-13,"12","13","2014",21,6,0,0,33.98
2014-12-13,"12","13","2014",22,6,0,0,33.98
2014-12-13,"12","13","2014",23,6,0,0,33.08
2014-12-14,"12","14","2014",0,0,0,0,33.98
2014-12-14,"12","14","2014",1,0,0,0,33.98
2014-12-14,"12","14","2014",2,0,0,0,33.98
2014-12-14,"12","14","2014",3,0,0,0,33.98
2014-12-14,"12","14","2014",4,0,0,0,33.08
2014-12-14,"12","14","2014",5,0,0,0,33.98
2014-12-14,"12","14","2014",6,0,0,0,33.98
2014-12-14,"12","14","2014",7,0,0,1,33.98
2014-12-14,"12","14","2014",8,0,0,1,35.42
2014-12-14,"12","14","2014",9,0,0,1,37.04
2014-12-14,"12","14","2014",10,0,0,1,39.02
2014-12-14,"12","14","2014",11,0,0,1,41
2014-12-14,"12","14","2014",12,0,0,1,42.98
2014-12-14,"12","14","2014",13,0,0,1,44.06
2014-12-14,"12","14","2014",14,0,0,1,44.06
2014-12-14,"12","14","2014",15,0,0,1,42.98
2014-12-14,"12","14","2014",16,0,0,1,41
2014-12-14,"12","14","2014",17,0,0,1,39.92
2014-12-14,"12","14","2014",18,0,0,1,37.94
2014-12-14,"12","14","2014",19,0,0,0,37.04
2014-12-14,"12","14","2014",20,0,0,0,35.06
2014-12-14,"12","14","2014",21,0,0,0,35.06
2014-12-14,"12","14","2014",22,0,0,0,33.98
2014-12-14,"12","14","2014",23,0,0,0,33.98
2014-12-15,"12","15","2014",0,1,1,0,33.98
2014-12-15,"12","15","2014",1,1,1,0,33.08
2014-12-15,"12","15","2014",2,1,1,0,33.08
2014-12-15,"12","15","2014",3,1,1,0,33.08
2014-12-15,"12","15","2014",4,1,1,0,33.08
2014-12-15,"12","15","2014",5,1,1,0,33.08
2014-12-15,"12","15","2014",6,1,1,0,32
2014-12-15,"12","15","2014",7,1,1,1,33.98
2014-12-15,"12","15","2014",8,1,1,1,35.06
2014-12-15,"12","15","2014",9,1,1,1,37.04
2014-12-15,"12","15","2014",10,1,1,1,39.02
2014-12-15,"12","15","2014",11,1,1,1,41
2014-12-15,"12","15","2014",12,1,1,1,39.92
2014-12-15,"12","15","2014",13,1,1,1,39.92
2014-12-15,"12","15","2014",14,1,1,1,39.02
2014-12-15,"12","15","2014",15,1,1,1,37.94
2014-12-15,"12","15","2014",16,1,1,1,37.04
2014-12-15,"12","15","2014",17,1,1,1,39.02
2014-12-15,"12","15","2014",18,1,1,1,37.04
2014-12-15,"12","15","2014",19,1,1,0,37.94
2014-12-15,"12","15","2014",20,1,1,0,35.96
2014-12-15,"12","15","2014",21,1,1,0,35.96
2014-12-15,"12","15","2014",22,1,1,0,36.32
2014-12-15,"12","15","2014",23,1,1,0,37.94
2014-12-16,"12","16","2014",0,2,1,0,35.96
2014-12-16,"12","16","2014",1,2,1,0,35.06
2014-12-16,"12","16","2014",2,2,1,0,35.06
2014-12-16,"12","16","2014",3,2,1,0,35.06
2014-12-16,"12","16","2014",4,2,1,0,35.96
2014-12-16,"12","16","2014",5,2,1,0,37.04
2014-12-16,"12","16","2014",6,2,1,0,37.94
2014-12-16,"12","16","2014",7,2,1,1,39.02
2014-12-16,"12","16","2014",8,2,1,1,39.02
2014-12-16,"12","16","2014",9,2,1,1,39.92
2014-12-16,"12","16","2014",10,2,1,1,41
2014-12-16,"12","16","2014",11,2,1,1,39.92
2014-12-16,"12","16","2014",12,2,1,1,39.92
2014-12-16,"12","16","2014",13,2,1,1,39.92
2014-12-16,"12","16","2014",14,2,1,1,39.92
2014-12-16,"12","16","2014",15,2,1,1,39.92
2014-12-16,"12","16","2014",16,2,1,1,41
2014-12-16,"12","16","2014",17,2,1,1,41.54
2014-12-16,"12","16","2014",18,2,1,1,42.08
2014-12-16,"12","16","2014",19,2,1,0,42.98
2014-12-16,"12","16","2014",20,2,1,0,43.43
2014-12-16,"12","16","2014",21,2,1,0,44.06
2014-12-16,"12","16","2014",22,2,1,0,44.06
2014-12-16,"12","16","2014",23,2,1,0,42.98
2014-12-17,"12","17","2014",0,3,1,0,43.46
2014-12-17,"12","17","2014",1,3,1,0,44.06
2014-12-17,"12","17","2014",2,3,1,0,44.96
2014-12-17,"12","17","2014",3,3,1,0,46.04
2014-12-17,"12","17","2014",4,3,1,0,46.94
2014-12-17,"12","17","2014",5,3,1,0,44.96
2014-12-17,"12","17","2014",6,3,1,0,44.42
2014-12-17,"12","17","2014",7,3,1,1,42.98
2014-12-17,"12","17","2014",8,3,1,1,42.98
2014-12-17,"12","17","2014",9,3,1,1,42.89
2014-12-17,"12","17","2014",10,3,1,1,42.44
2014-12-17,"12","17","2014",11,3,1,1,42.86
2014-12-17,"12","17","2014",12,3,1,1,44.78
2014-12-17,"12","17","2014",13,3,1,1,46.04
2014-12-17,"12","17","2014",14,3,1,1,46.67
2014-12-17,"12","17","2014",15,3,1,1,47.21
2014-12-17,"12","17","2014",16,3,1,1,48.02
2014-12-17,"12","17","2014",17,3,1,1,46.94
2014-12-17,"12","17","2014",18,3,1,1,45.86
2014-12-17,"12","17","2014",19,3,1,0,44.96
2014-12-17,"12","17","2014",20,3,1,0,44.06
2014-12-17,"12","17","2014",21,3,1,0,42.98
2014-12-17,"12","17","2014",22,3,1,0,42.08
2014-12-17,"12","17","2014",23,3,1,0,41
2014-12-18,"12","18","2014",0,4,1,0,39.92
2014-12-18,"12","18","2014",1,4,1,0,39.92
2014-12-18,"12","18","2014",2,4,1,0,39.92
2014-12-18,"12","18","2014",3,4,1,0,39.92
2014-12-18,"12","18","2014",4,4,1,0,39.02
2014-12-18,"12","18","2014",5,4,1,0,37.04
2014-12-18,"12","18","2014",6,4,1,0,37.04
2014-12-18,"12","18","2014",7,4,1,1,36.32
2014-12-18,"12","18","2014",8,4,1,1,37.04
2014-12-18,"12","18","2014",9,4,1,1,39.92
2014-12-18,"12","18","2014",10,4,1,1,41
2014-12-18,"12","18","2014",11,4,1,1,42.98
2014-12-18,"12","18","2014",12,4,1,1,42.98
2014-12-18,"12","18","2014",13,4,1,1,42.98
2014-12-18,"12","18","2014",14,4,1,1,42.98
2014-12-18,"12","18","2014",15,4,1,1,42.08
2014-12-18,"12","18","2014",16,4,1,1,41
2014-12-18,"12","18","2014",17,4,1,1,41
2014-12-18,"12","18","2014",18,4,1,1,39.92
2014-12-18,"12","18","2014",19,4,1,0,39.02
2014-12-18,"12","18","2014",20,4,1,0,39.02
2014-12-18,"12","18","2014",21,4,1,0,39.02
2014-12-18,"12","18","2014",22,4,1,0,37.94
2014-12-18,"12","18","2014",23,4,1,0,37.04
2014-12-19,"12","19","2014",0,5,1,0,37.04
2014-12-19,"12","19","2014",1,5,1,0,37.04
2014-12-19,"12","19","2014",2,5,1,0,35.96
2014-12-19,"12","19","2014",3,5,1,0,35.06
2014-12-19,"12","19","2014",4,5,1,0,35.06
2014-12-19,"12","19","2014",5,5,1,0,33.98
2014-12-19,"12","19","2014",6,5,1,0,33.98
2014-12-19,"12","19","2014",7,5,1,1,33.98
2014-12-19,"12","19","2014",8,5,1,1,35.06
2014-12-19,"12","19","2014",9,5,1,1,33.98
2014-12-19,"12","19","2014",10,5,1,1,33.98
2014-12-19,"12","19","2014",11,5,1,1,35.06
2014-12-19,"12","19","2014",12,5,1,1,35.06
2014-12-19,"12","19","2014",13,5,1,1,35.06
2014-12-19,"12","19","2014",14,5,1,1,35.06
2014-12-19,"12","19","2014",15,5,1,1,35.06
2014-12-19,"12","19","2014",16,5,1,1,33.08
2014-12-19,"12","19","2014",17,5,1,1,32
2014-12-19,"12","19","2014",18,5,1,1,30.92
2014-12-19,"12","19","2014",19,5,1,0,30.92
2014-12-19,"12","19","2014",20,5,1,0,30.02
2014-12-19,"12","19","2014",21,5,1,0,30.02
2014-12-19,"12","19","2014",22,5,1,0,28.94
2014-12-19,"12","19","2014",23,5,1,0,28.94
2014-12-20,"12","20","2014",0,6,0,0,28.04
2014-12-20,"12","20","2014",1,6,0,0,28.04
2014-12-20,"12","20","2014",2,6,0,0,28.04
2014-12-20,"12","20","2014",3,6,0,0,28.04
2014-12-20,"12","20","2014",4,6,0,0,28.04
2014-12-20,"12","20","2014",5,6,0,0,28.04
2014-12-20,"12","20","2014",6,6,0,0,26.96
2014-12-20,"12","20","2014",7,6,0,1,28.04
2014-12-20,"12","20","2014",8,6,0,1,30.02
2014-12-20,"12","20","2014",9,6,0,1,30.11
2014-12-20,"12","20","2014",10,6,0,1,30.92
2014-12-20,"12","20","2014",11,6,0,1,33.08
2014-12-20,"12","20","2014",12,6,0,1,33.08
2014-12-20,"12","20","2014",13,6,0,1,33.98
2014-12-20,"12","20","2014",14,6,0,1,33.8
2014-12-20,"12","20","2014",15,6,0,1,33.98
2014-12-20,"12","20","2014",16,6,0,1,33.08
2014-12-20,"12","20","2014",17,6,0,1,33.44
2014-12-20,"12","20","2014",18,6,0,1,33.89
2014-12-20,"12","20","2014",19,6,0,0,35.06
2014-12-20,"12","20","2014",20,6,0,0,35.06
2014-12-20,"12","20","2014",21,6,0,0,35.06
2014-12-20,"12","20","2014",22,6,0,0,35.06
2014-12-20,"12","20","2014",23,6,0,0,35.06
2014-12-21,"12","21","2014",0,0,0,0,35.06
2014-12-21,"12","21","2014",1,0,0,0,35.33
2014-12-21,"12","21","2014",2,0,0,0,35.06
2014-12-21,"12","21","2014",3,0,0,0,35.06
2014-12-21,"12","21","2014",4,0,0,0,32
2014-12-21,"12","21","2014",5,0,0,0,32
2014-12-21,"12","21","2014",6,0,0,0,30.92
2014-12-21,"12","21","2014",7,0,0,1,30.02
2014-12-21,"12","21","2014",8,0,0,1,30.02
2014-12-21,"12","21","2014",9,0,0,1,30.11
2014-12-21,"12","21","2014",10,0,0,1,30.92
2014-12-21,"12","21","2014",11,0,0,1,32
2014-12-21,"12","21","2014",12,0,0,1,32
2014-12-21,"12","21","2014",13,0,0,1,33.08
2014-12-21,"12","21","2014",14,0,0,1,33.08
2014-12-21,"12","21","2014",15,0,0,1,33.8
2014-12-21,"12","21","2014",16,0,0,1,33.98
2014-12-21,"12","21","2014",17,0,0,1,33.89
2014-12-21,"12","21","2014",18,0,0,1,33.98
2014-12-21,"12","21","2014",19,0,0,0,33.98
2014-12-21,"12","21","2014",20,0,0,0,33.98
2014-12-21,"12","21","2014",21,0,0,0,33.98
2014-12-21,"12","21","2014",22,0,0,0,33.98
2014-12-21,"12","21","2014",23,0,0,0,33.98
2014-12-22,"12","22","2014",0,1,1,0,33.08
2014-12-22,"12","22","2014",1,1,1,0,33.08
2014-12-22,"12","22","2014",2,1,1,0,33.08
2014-12-22,"12","22","2014",3,1,1,0,33.08
2014-12-22,"12","22","2014",4,1,1,0,33.08
2014-12-22,"12","22","2014",5,1,1,0,33.08
2014-12-22,"12","22","2014",6,1,1,0,33.56
2014-12-22,"12","22","2014",7,1,1,1,33.98
2014-12-22,"12","22","2014",8,1,1,1,35.06
2014-12-22,"12","22","2014",9,1,1,1,37.94
2014-12-22,"12","22","2014",10,1,1,1,39.92
2014-12-22,"12","22","2014",11,1,1,1,42.08
2014-12-22,"12","22","2014",12,1,1,1,44.06
2014-12-22,"12","22","2014",13,1,1,1,43.46
2014-12-22,"12","22","2014",14,1,1,1,42.44
2014-12-22,"12","22","2014",15,1,1,1,41.9
2014-12-22,"12","22","2014",16,1,1,1,41
2014-12-22,"12","22","2014",17,1,1,1,41
2014-12-22,"12","22","2014",18,1,1,1,40.1
2014-12-22,"12","22","2014",19,1,1,0,42.56
2014-12-22,"12","22","2014",20,1,1,0,41
2014-12-22,"12","22","2014",21,1,1,0,42.08
2014-12-22,"12","22","2014",22,1,1,0,42.08
2014-12-22,"12","22","2014",23,1,1,0,42.08
2014-12-23,"12","23","2014",0,2,1,0,42.89
2014-12-23,"12","23","2014",1,2,1,0,42.89
2014-12-23,"12","23","2014",2,2,1,0,42.86
2014-12-23,"12","23","2014",3,2,1,0,42.86
2014-12-23,"12","23","2014",4,2,1,0,43.43
2014-12-23,"12","23","2014",5,2,1,0,42.98
2014-12-23,"12","23","2014",6,2,1,0,42.845
2014-12-23,"12","23","2014",7,2,1,1,44.06
2014-12-23,"12","23","2014",8,2,1,1,44.06
2014-12-23,"12","23","2014",9,2,1,1,44.96
2014-12-23,"12","23","2014",10,2,1,1,44.06
2014-12-23,"12","23","2014",11,2,1,1,44.96
2014-12-23,"12","23","2014",12,2,1,1,44.96
2014-12-23,"12","23","2014",13,2,1,1,44.72
2014-12-23,"12","23","2014",14,2,1,1,44.96
2014-12-23,"12","23","2014",15,2,1,1,44.96
2014-12-23,"12","23","2014",16,2,1,1,45.68
2014-12-23,"12","23","2014",17,2,1,1,46.04
2014-12-23,"12","23","2014",18,2,1,1,46.04
2014-12-23,"12","23","2014",19,2,1,0,46.04
2014-12-23,"12","23","2014",20,2,1,0,46.04
2014-12-23,"12","23","2014",21,2,1,0,42.98
2014-12-23,"12","23","2014",22,2,1,0,42.98
2014-12-23,"12","23","2014",23,2,1,0,42.08
2014-12-24,"12","24","2014",0,3,1,0,42.08
2014-12-24,"12","24","2014",1,3,1,0,42.08
2014-12-24,"12","24","2014",2,3,1,0,42.08
2014-12-24,"12","24","2014",3,3,1,0,42.08
2014-12-24,"12","24","2014",4,3,1,0,41
2014-12-24,"12","24","2014",5,3,1,0,41
2014-12-24,"12","24","2014",6,3,1,0,41
2014-12-24,"12","24","2014",7,3,1,1,42.08
2014-12-24,"12","24","2014",8,3,1,1,42.08
2014-12-24,"12","24","2014",9,3,1,1,42.98
2014-12-24,"12","24","2014",10,3,1,1,44.96
2014-12-24,"12","24","2014",11,3,1,1,44.96
2014-12-24,"12","24","2014",12,3,1,1,44.96
2014-12-24,"12","24","2014",13,3,1,1,44.96
2014-12-24,"12","24","2014",14,3,1,1,44.96
2014-12-24,"12","24","2014",15,3,1,1,44.96
2014-12-24,"12","24","2014",16,3,1,1,46.04
2014-12-24,"12","24","2014",17,3,1,1,44.78
2014-12-24,"12","24","2014",18,3,1,1,46.22
2014-12-24,"12","24","2014",19,3,1,0,46.04
2014-12-24,"12","24","2014",20,3,1,0,44.78
2014-12-24,"12","24","2014",21,3,1,0,44.78
2014-12-24,"12","24","2014",22,3,1,0,46.04
2014-12-24,"12","24","2014",23,3,1,0,44.96
2014-12-25,"12","25","2014",0,4,1,0,44.78
2014-12-25,"12","25","2014",1,4,1,0,44.72
2014-12-25,"12","25","2014",2,4,1,0,46.94
2014-12-25,"12","25","2014",3,4,1,0,57.92
2014-12-25,"12","25","2014",4,4,1,0,58.46
2014-12-25,"12","25","2014",5,4,1,0,57.56
2014-12-25,"12","25","2014",6,4,1,0,57.56
2014-12-25,"12","25","2014",7,4,1,1,55.67
2014-12-25,"12","25","2014",8,4,1,1,57.02
2014-12-25,"12","25","2014",9,4,1,1,53.96
2014-12-25,"12","25","2014",10,4,1,1,51.98
2014-12-25,"12","25","2014",11,4,1,1,50
2014-12-25,"12","25","2014",12,4,1,1,51.08
2014-12-25,"12","25","2014",13,4,1,1,51.08
2014-12-25,"12","25","2014",14,4,1,1,50
2014-12-25,"12","25","2014",15,4,1,1,48.02
2014-12-25,"12","25","2014",16,4,1,1,46.94
2014-12-25,"12","25","2014",17,4,1,1,46.94
2014-12-25,"12","25","2014",18,4,1,1,46.94
2014-12-25,"12","25","2014",19,4,1,0,46.04
2014-12-25,"12","25","2014",20,4,1,0,46.04
2014-12-25,"12","25","2014",21,4,1,0,44.96
2014-12-25,"12","25","2014",22,4,1,0,44.96
2014-12-25,"12","25","2014",23,4,1,0,44.06
2014-12-26,"12","26","2014",0,5,1,0,42.98
2014-12-26,"12","26","2014",1,5,1,0,42.08
2014-12-26,"12","26","2014",2,5,1,0,42.08
2014-12-26,"12","26","2014",3,5,1,0,39.92
2014-12-26,"12","26","2014",4,5,1,0,41
2014-12-26,"12","26","2014",5,5,1,0,37.94
2014-12-26,"12","26","2014",6,5,1,0,37.94
2014-12-26,"12","26","2014",7,5,1,1,39.02
2014-12-26,"12","26","2014",8,5,1,1,42.98
2014-12-26,"12","26","2014",9,5,1,1,44.96
2014-12-26,"12","26","2014",10,5,1,1,46.04
2014-12-26,"12","26","2014",11,5,1,1,46.94
2014-12-26,"12","26","2014",12,5,1,1,48.02
2014-12-26,"12","26","2014",13,5,1,1,48.92
2014-12-26,"12","26","2014",14,5,1,1,48.92
2014-12-26,"12","26","2014",15,5,1,1,48.02
2014-12-26,"12","26","2014",16,5,1,1,48.02
2014-12-26,"12","26","2014",17,5,1,1,46.04
2014-12-26,"12","26","2014",18,5,1,1,44.96
2014-12-26,"12","26","2014",19,5,1,0,44.06
2014-12-26,"12","26","2014",20,5,1,0,42.98
2014-12-26,"12","26","2014",21,5,1,0,42.98
2014-12-26,"12","26","2014",22,5,1,0,42.08
2014-12-26,"12","26","2014",23,5,1,0,41
2014-12-27,"12","27","2014",0,6,0,0,39.92
2014-12-27,"12","27","2014",1,6,0,0,39.92
2014-12-27,"12","27","2014",2,6,0,0,41
2014-12-27,"12","27","2014",3,6,0,0,41
2014-12-27,"12","27","2014",4,6,0,0,39.92
2014-12-27,"12","27","2014",5,6,0,0,41
2014-12-27,"12","27","2014",6,6,0,0,39.92
2014-12-27,"12","27","2014",7,6,0,1,41
2014-12-27,"12","27","2014",8,6,0,1,42.98
2014-12-27,"12","27","2014",9,6,0,1,44.96
2014-12-27,"12","27","2014",10,6,0,1,48.02
2014-12-27,"12","27","2014",11,6,0,1,50
2014-12-27,"12","27","2014",12,6,0,1,51.98
2014-12-27,"12","27","2014",13,6,0,1,51.8
2014-12-27,"12","27","2014",14,6,0,1,51.98
2014-12-27,"12","27","2014",15,6,0,1,50
2014-12-27,"12","27","2014",16,6,0,1,48.02
2014-12-27,"12","27","2014",17,6,0,1,46.94
2014-12-27,"12","27","2014",18,6,0,1,46.04
2014-12-27,"12","27","2014",19,6,0,0,44.96
2014-12-27,"12","27","2014",20,6,0,0,44.06
2014-12-27,"12","27","2014",21,6,0,0,42.98
2014-12-27,"12","27","2014",22,6,0,0,44.06
2014-12-27,"12","27","2014",23,6,0,0,42.98
2014-12-28,"12","28","2014",0,0,0,0,44.96
2014-12-28,"12","28","2014",1,0,0,0,44.96
2014-12-28,"12","28","2014",2,0,0,0,44.96
2014-12-28,"12","28","2014",3,0,0,0,44.96
2014-12-28,"12","28","2014",4,0,0,0,44.96
2014-12-28,"12","28","2014",5,0,0,0,44.96
2014-12-28,"12","28","2014",6,0,0,0,44.96
2014-12-28,"12","28","2014",7,0,0,1,46.04
2014-12-28,"12","28","2014",8,0,0,1,46.04
2014-12-28,"12","28","2014",9,0,0,1,46.94
2014-12-28,"12","28","2014",10,0,0,1,48.02
2014-12-28,"12","28","2014",11,0,0,1,48.92
2014-12-28,"12","28","2014",12,0,0,1,50
2014-12-28,"12","28","2014",13,0,0,1,51.08
2014-12-28,"12","28","2014",14,0,0,1,51.98
2014-12-28,"12","28","2014",15,0,0,1,48.92
2014-12-28,"12","28","2014",16,0,0,1,46.94
2014-12-28,"12","28","2014",17,0,0,1,46.94
2014-12-28,"12","28","2014",18,0,0,1,46.04
2014-12-28,"12","28","2014",19,0,0,0,44.96
2014-12-28,"12","28","2014",20,0,0,0,44.06
2014-12-28,"12","28","2014",21,0,0,0,42.08
2014-12-28,"12","28","2014",22,0,0,0,41
2014-12-28,"12","28","2014",23,0,0,0,39.92
2014-12-29,"12","29","2014",0,1,1,0,39.02
2014-12-29,"12","29","2014",1,1,1,0,37.94
2014-12-29,"12","29","2014",2,1,1,0,37.04
2014-12-29,"12","29","2014",3,1,1,0,35.96
2014-12-29,"12","29","2014",4,1,1,0,35.96
2014-12-29,"12","29","2014",5,1,1,0,35.96
2014-12-29,"12","29","2014",6,1,1,0,35.06
2014-12-29,"12","29","2014",7,1,1,1,35.06
2014-12-29,"12","29","2014",8,1,1,1,35.06
2014-12-29,"12","29","2014",9,1,1,1,39.02
2014-12-29,"12","29","2014",10,1,1,1,39.92
2014-12-29,"12","29","2014",11,1,1,1,41
2014-12-29,"12","29","2014",12,1,1,1,39.92
2014-12-29,"12","29","2014",13,1,1,1,41
2014-12-29,"12","29","2014",14,1,1,1,39.92
2014-12-29,"12","29","2014",15,1,1,1,39.92
2014-12-29,"12","29","2014",16,1,1,1,39.02
2014-12-29,"12","29","2014",17,1,1,1,37.94
2014-12-29,"12","29","2014",18,1,1,1,35.06
2014-12-29,"12","29","2014",19,1,1,0,33.08
2014-12-29,"12","29","2014",20,1,1,0,32
2014-12-29,"12","29","2014",21,1,1,0,30.92
2014-12-29,"12","29","2014",22,1,1,0,30.92
2014-12-29,"12","29","2014",23,1,1,0,30.02
2014-12-30,"12","30","2014",0,2,1,0,28.04
2014-12-30,"12","30","2014",1,2,1,0,26.96
2014-12-30,"12","30","2014",2,2,1,0,24.98
2014-12-30,"12","30","2014",3,2,1,0,24.08
2014-12-30,"12","30","2014",4,2,1,0,24.08
2014-12-30,"12","30","2014",5,2,1,0,23
2014-12-30,"12","30","2014",6,2,1,0,23
2014-12-30,"12","30","2014",7,2,1,1,23
2014-12-30,"12","30","2014",8,2,1,1,24.08
2014-12-30,"12","30","2014",9,2,1,1,24.98
2014-12-30,"12","30","2014",10,2,1,1,26.06
2014-12-30,"12","30","2014",11,2,1,1,26.96
2014-12-30,"12","30","2014",12,2,1,1,28.04
2014-12-30,"12","30","2014",13,2,1,1,28.94
2014-12-30,"12","30","2014",14,2,1,1,30.02
2014-12-30,"12","30","2014",15,2,1,1,28.94
2014-12-30,"12","30","2014",16,2,1,1,28.04
2014-12-30,"12","30","2014",17,2,1,1,26.96
2014-12-30,"12","30","2014",18,2,1,1,26.06
2014-12-30,"12","30","2014",19,2,1,0,24.98
2014-12-30,"12","30","2014",20,2,1,0,24.98
2014-12-30,"12","30","2014",21,2,1,0,24.08
2014-12-30,"12","30","2014",22,2,1,0,23
2014-12-30,"12","30","2014",23,2,1,0,21.92
2014-12-31,"12","31","2014",0,3,1,0,21.02
2014-12-31,"12","31","2014",1,3,1,0,19.94
2014-12-31,"12","31","2014",2,3,1,0,19.94
2014-12-31,"12","31","2014",3,3,1,0,19.94
2014-12-31,"12","31","2014",4,3,1,0,19.94
2014-12-31,"12","31","2014",5,3,1,0,19.94
2014-12-31,"12","31","2014",6,3,1,0,19.94
2014-12-31,"12","31","2014",7,3,1,1,21.02
2014-12-31,"12","31","2014",8,3,1,1,24.08
2014-12-31,"12","31","2014",9,3,1,1,26.06
2014-12-31,"12","31","2014",10,3,1,1,28.04
2014-12-31,"12","31","2014",11,3,1,1,28.94
2014-12-31,"12","31","2014",12,3,1,1,28.94
2014-12-31,"12","31","2014",13,3,1,1,28.94
2014-12-31,"12","31","2014",14,3,1,1,28.94
2014-12-31,"12","31","2014",15,3,1,1,28.04
2014-12-31,"12","31","2014",16,3,1,1,26.96
2014-12-31,"12","31","2014",17,3,1,1,26.06
2014-12-31,"12","31","2014",18,3,1,1,26.06
2014-12-31,"12","31","2014",19,3,1,0,24.98
2014-12-31,"12","31","2014",20,3,1,0,24.98
2014-12-31,"12","31","2014",21,3,1,0,23
2014-12-31,"12","31","2014",22,3,1,0,21.92
2014-12-31,"12","31","2014",23,3,1,0,21.92
